Nome,Abreviação,Email,Senha,CPF,Salário,CEP
Ana Paula Silva,Ana.Paula,Ana.Paula@Empresa.com.br,k9#Fm2,123.456.789-01,3.500,01311-000
João Pedro Santos,João.Pedro,João.Pedro@Empresa.com.br,p@3Yq6,987.654.321-09,4.200,01305-100
Maria Clara Oliveira,Maria.Clara,Maria.Clara@Empresa.com.br,T7$gL1,456.789.123-45,4.800,01418-001
Lucas Henrique Costa,Lucas.Henrique,Lucas.Henrique@Empresa.com.br,r5!xN8,321.654.987-90,6.500,01426-001
Juliana Ferreira Almeida,Juliana.Ferreira,Juliana.Ferreira@Empresa.com.br,J4*hP9,789.123.456-78,7.200,01414-001
Gabriel dos Santos Lima,Gabriel.dos,Gabriel.dos@Empresa.com.br,b8@Wc3,654.321.987-09,8.000,01301-000
Fernanda Rocha Gomes,Fernanda.Rocha,Fernanda.Rocha@Empresa.com.br,Q2&dM7,234.567.891-23,10.500,01307-001
Rafael Martins dos Reis,Rafael.Martins,Rafael.Martins@Empresa.com.br,s6#Kt0,876.543.219-87,12.000,01504-001
Amanda Cristina Pereira,Amanda.Cristina,Amanda.Cristina@Empresa.com.br,L9!vR4,345.678.912-34,13.500,01518-001
Thiago Silva dos Anjos,Thiago.Silva,Thiago.Silva@Empresa.com.br,m3$Xp1,912.345.678-90,3.800,04010-001
Priscila Mendes Carvalho,Priscila.Mendes,Priscila.Mendes@Empresa.com.br,Z5@nG7,567.891.234-56,4.500,04018-001
Carlos Eduardo Almeida,Carlos.Eduardo,Carlos.Eduardo@Empresa.com.br,f8#jB2,432.109.876-54,5.000,04040-001
Vanessa Soares da Silva,Vanessa.Soares,Vanessa.Soares@Empresa.com.br,D1%kY6,678.912.345-67,6.800,01508-001
Leonardo Rodrigues dos Santos,Leonardo.Rodrigues,Leonardo.Rodrigues@Empresa.com.br,w7*Hq9,210.987.654-32,7.500,01506-001
Tatiane Santos Ferreira,Tatiane.Santos,Tatiane.Santos@Empresa.com.br,V4!sP0,891.234.567-89,8.500,01505-001
Bruno Henrique Oliveira,Bruno.Henrique,Bruno.Henrique@Empresa.com.br,e3@Tl5,109.876.543-21,11.500,01510-001
Larissa Almeida da Costa,Larissa.Almeida,Larissa.Almeida@Empresa.com.br,N6#mR8,765.432.109-87,13.000,01513-001
Felipe dos Reis Ferreira,Felipe.dos,Felipe.dos@Empresa.com.br,x9&bJ2,543.210.987-65,14.500,01515-001
Camila da Silva Oliveira,Camila.da,Camila.da@Empresa.com.br,K7!hF4,876.543.210-98,4.200,01516-001
André Luiz Ferreira,André.Luiz,André.Luiz@Empresa.com.br,q2$Dz5,234.567.890-12,4.800,01512-001
Isabela Cristina Martins,Isabela.Cristina,Isabela.Cristina@Empresa.com.br,a8#Lw3,678.901.234-56,5.300,01207-002
Daniel Alves da Silva,Daniel.Alves,Daniel.Alves@Empresa.com.br,M1%nX6,345.678.901-23,7.200,01207-001
Natália dos Santos Pereira,Natália.dos,Natália.dos@Empresa.com.br,y5@kP9,789.012.345-67,8.000,01209-001
Matheus Augusto Lima,Matheus.Augusto,Matheus.Augusto@Empresa.com.br,B4!vS7,456.789.012-34,9.200,01213-001
Raquel de Souza Gomes,Raquel.de,Raquel.de@Empresa.com.br,t3*Gj0,890.123.456-78,12.500,01211-001
Eduardo Pereira da Costa,Eduardo.Pereira,Eduardo.Pereira@Empresa.com.br,R6#fH8,567.890.123-45,14.000,01216-001
Gabriela Ferreira de Oliveira,Gabriela.Ferreira,Gabriela.Ferreira@Empresa.com.br,c9$Qm2,901.234.567-89,15.500,01217-001
Pedro Henrique Santos,Pedro.Henrique,Pedro.Henrique@Empresa.com.br,S7!pK4,654.321.098-76,16.000,01218-001
Letícia dos Anjos Silva,Letícia.dos,Letícia.dos@Empresa.com.br,l5@Wn1,432.109.876-53,18.000,01219-001
Rodrigo Oliveira Lima,Rodrigo.Oliveira,Rodrigo.Oliveira@Empresa.com.br,U2%zY6,210.987.654-31,20.000,01220-001
Aline Cristina Martins,Aline.Cristina,Aline.Cristina@Empresa.com.br,o8#xJ3,987.654.321-08,4.500,01207-003
Victor Hugo Ferreira,Victor.Hugo,Victor.Hugo@Empresa.com.br,P4!bT9,765.432.109-76,5.200,01221-001
Fabiana Alves dos Reis,Fabiana.Alves,Fabiana.Alves@Empresa.com.br,h7*Dq0,543.210.987-54,6.000,01222-001
Kelly Cristina dos Santos,Kelly.Cristina,Kelly.Cristina@Empresa.com.br,F3$kL5,321.098.765-43,8.000,01223-001
Igor Martins Ferreira,Igor.Martins,Igor.Martins@Empresa.com.br,j6#Vr8,109.876.543-20,9.500,01322-001
Beatriz de Oliveira Costa,Beatriz.de,Beatriz.de@Empresa.com.br,W9!mG2,876.543.210-97,10.500,01322-002
Samuel dos Reis Santos,Samuel.dos,Samuel.dos@Empresa.com.br,n4@Hc7,654.321.098-65,13.000,01238-001
Débora Rocha da Silva,Débora.Rocha,Débora.Rocha@Empresa.com.br,E1%sX5,432.109.876-52,15.000,01239-001
Leandro Gomes de Almeida,Leandro.Gomes,Leandro.Gomes@Empresa.com.br,d8#Yk3,210.987.654-30,17.000,01240-001
Fábio Henrique Oliveira,Fábio.Henrique,Fábio.Henrique@Empresa.com.br,G2!pB6,987.654.321-07,5.200,01241-001
Érica Ferreira Santos,Érica.Ferreira,Érica.Ferreira@Empresa.com.br,i7*Tv9,765.432.109-65,6.000,01242-001
Denis Carvalho da Silva,Denis.Carvalho,Denis.Carvalho@Empresa.com.br,A5@fN0,543.210.987-43,6.800,01243-001
Mariana Gomes dos Santos,Mariana.Gomes,Mariana.Gomes@Empresa.com.br,u3#Lq4,321.098.765-32,8.500,01228-001
Caio Ribeiro de Souza,Caio.Ribeiro,Caio.Ribeiro@Empresa.com.br,C9!jW8,109.876.543-19,10.000,01244-001
Bruna Soares Lima,Bruna.Soares,Bruna.Soares@Empresa.com.br,m6$Rz2,876.543.210-96,11.500,01245-001
Sérgio Santos Ferreira,Sérgio.Santos,Sérgio.Santos@Empresa.com.br,K4%hP7,654.321.098-54,14.000,01246-001
Alessandro da Costa Santos,Alessandro.da,Alessandro.da@Empresa.com.br,b1@Xk5,432.109.876-51,16.000,01247-001
Ana Carolina Mendes,Ana.Carolina,Ana.Carolina@Empresa.com.br,Q8!nF3,210.987.654-29,18.000,01248-001
João Vitor Ferreira,João.Vitor,João.Vitor@Empresa.com.br,y2#sG6,987.654.321-06,5.500,01249-001
Yasmim Oliveira Gomes,Yasmim.Oliveira,Yasmim.Oliveira@Empresa.com.br,J7*Dm9,765.432.109-54,6.200,01250-001
Luana Costa dos Santos,Luana.Costa,Luana.Costa@Empresa.com.br,w5$Vl0,543.210.987-32,7.000,01251-001
Cristiano Silva Almeida,Cristiano.Silva,Cristiano.Silva@Empresa.com.br,T3!kR4,321.098.765-21,9.000,01252-001
Renata dos Anjos Ferreira,Renata.dos,Renata.dos@Empresa.com.br,e9#Hp8,109.876.543-18,10.500,01253-001
Vinícius Martins da Silva,Vinícius.Martins,Vinícius.Martins@Empresa.com.br,L2%qB6,876.543.210-95,11.500,01254-001
Daiane de Oliveira Santos,Daiane.de,Daiane.de@Empresa.com.br,r7@Nx1,654.321.098-43,14.500,01255-001
Thiago Almeida de Souza,Thiago.Almeida,Thiago.Almeida@Empresa.com.br,S4!jM5,432.109.876-50,16.500,01256-001
Natália Soares da Silva,Natália.Soares,Natália.Soares@Empresa.com.br,f8*Wc9,210.987.654-28,18.500,01257-001
Igor Santos Ferreira,Igor.Santos,Igor.Santos@Empresa.com.br,U1#vK3,987.654.321-05,3.500,01258-001
Camila Almeida dos Reis,Camila.Almeida,Camila.Almeida@Empresa.com.br,o6$Yt0,765.432.109-43,4.000,01259-001
Jéssica da Silva Lima,Jéssica.da,Jéssica.da@Empresa.com.br,P9!dG4,543.210.987-21,4.500,01260-001
Alan Pereira de Almeida,Alan.Pereira,Alan.Pereira@Empresa.com.br,h3@Lm7,321.098.765-10,5.800,01261-001
Silvana Rocha Santos,Silvana.Rocha,Silvana.Rocha@Empresa.com.br,B5%zR2,109.876.543-17,6.500,01262-001
Luiz Gustavo Ferreira,Luiz.Gustavo,Luiz.Gustavo@Empresa.com.br,a2#sQ6,876.543.210-94,7.500,01263-001
Keila Alves da Silva,Keila.Alves,Keila.Alves@Empresa.com.br,M8!kF9,654.321.098-32,9.000,01264-001
Tânia Ferreira dos Santos,Tânia.Ferreira,Tânia.Ferreira@Empresa.com.br,c4*Xj0,432.109.876-49,10.500,01265-001
Alexandre Santos Lima,Alexandre.Santos,Alexandre.Santos@Empresa.com.br,N7$pW3,210.987.654-27,11.500,01266-001
Pâmela dos Reis Ferreira,Pâmela.dos,Pâmela.dos@Empresa.com.br,i1!Hn5,987.654.321-04,4.200,04560-001
Maurício Oliveira Gomes,Maurício.Oliveira,Maurício.Oliveira@Empresa.com.br,D6#bT8,765.432.109-32,4.800,04534-001
Sônia Cristina de Souza,Sônia.Cristina,Sônia.Cristina@Empresa.com.br,w9%qJ2,543.210.987-10,5.500,04551-001
Diego Martins da Silva,Diego.Martins,Diego.Martins@Empresa.com.br,V5!mK7,321.098.765-09,7.000,04551-002
Gisele Alves dos Santos,Gisele.Alves,Gisele.Alves@Empresa.com.br,l3@Rg4,109.876.543-16,8.000,04538-001
Emerson Rocha Lima,Emerson.Rocha,Emerson.Rocha@Empresa.com.br,F8*sY0,876.543.210-93,8.800,04547-001
Edson Costa dos Reis,Edson.Costa,Edson.Costa@Empresa.com.br,j2#cN6,654.321.098-21,11.000,04533-001
Joyce da Silva Oliveira,Joyce.da,Joyce.da@Empresa.com.br,E7!xP9,432.109.876-48,12.500,04544-001
Bruno Santos Ferreira,Bruno.Santos,Bruno.Santos@Empresa.com.br,k5%vH1,210.987.654-26,13.500,04530-001
Vanessa Almeida dos Reis,Vanessa.Almeida,Vanessa.Almeida@Empresa.com.br,Q4@tG3,987.654.321-03,5.000,04543-001
Aline Pereira de Souza,Aline.Pereira,Aline.Pereira@Empresa.com.br,u6!Ld8,765.432.109-21,5.800,04615-001
Jorge Silva Lima,Jorge.Silva,Jorge.Silva@Empresa.com.br,A9#fB2,543.210.987-09,6.500,04620-001
Priscila Ferreira Santos,Priscila.Ferreira,Priscila.Ferreira@Empresa.com.br,T1*jM5,321.098.765-08,8.500,04613-001
Eric Martins de Souza,Eric.Martins,Eric.Martins@Empresa.com.br,r3$Wk7,109.876.543-15,9.500,04562-001
Eliane dos Santos Almeida,Eliane.dos,Eliane.dos@Empresa.com.br,S6!nZ0,876.543.210-92,11.000,04128-001
Gabi Ferreira de Oliveira,Gabi.Ferreira,Gabi.Ferreira@Empresa.com.br,b4#Yq9,654.321.098-10,13.500,04161-001
Reinaldo da Costa Santos,Reinaldo.da,Reinaldo.da@Empresa.com.br,H8%pX2,432.109.876-47,15.000,04037-001
Luciana Alves da Silva,Luciana.Alves,Luciana.Alves@Empresa.com.br,m7!vF5,210.987.654-25,16.500,04012-001
Danilo Gomes Ferreira,Danilo.Gomes,Danilo.Gomes@Empresa.com.br,C2@Kj3,987.654.321-02,9.500,04026-001
Solange Martins de Souza,Solange.Martins,Solange.Martins@Empresa.com.br,o5#sL8,765.432.109-10,11.000,01238-002
Rafael da Silva Lima,Rafael.da,Rafael.da@Empresa.com.br,D9!gR1,543.210.987-08,12.500,01230-001
Simone Costa dos Santos,Simone.Costa,Simone.Costa@Empresa.com.br,e4%tB6,321.098.765-07,14.000,04003-001
Moisés Pereira de Almeida,Moisés.Pereira,Moisés.Pereira@Empresa.com.br,J3*nW9,109.876.543-14,16.000,01417-001
Natália Silva Lima,Natália.Silva,Natália.Silva@Empresa.com.br,w8!Hc0,876.543.210-91,18.000,01417-002
Paulo César de Almeida,Paulo.César,Paulo.César@Empresa.com.br,L5#qM4,654.321.098-09,18.000,01255-002
Carla Fernanda Silva,Carla.Fernanda,Carla.Fernanda@Empresa.com.br,f2$Vk7,432.109.876-46,20.000,01231-001
Marcos Antônio Ferreira,Marcos.Antônio,Marcos.Antônio@Empresa.com.br,P7!jY3,210.987.654-24,22.000,04533-002
Juliane Oliveira Santos,Juliane.Oliveira,Juliane.Oliveira@Empresa.com.br,a6@Gt8,987.654.321-01,13.000,04544-002
Anderson Lima de Souza,Anderson.Lima,Anderson.Lima@Empresa.com.br,N1#bS2,765.432.109-09,15.000,04530-002
Rafaela Martins dos Reis,Rafaela.Martins,Rafaela.Martins@Empresa.com.br,k9%mD5,543.210.987-07,17.000,04543-002
Edmilson Gomes da Silva,Edmilson.Gomes,Edmilson.Gomes@Empresa.com.br,R4!xL0,321.098.765-06,11.000,04615-002
Fernando Henrique dos Reis,Fernando.Henrique,Fernando.Henrique@Empresa.com.br,i8#pF3,109.876.543-13,13.000,04620-002
Marília da Silva Almeida,Marília.da,Marília.da@Empresa.com.br,B7$hQ6,876.543.210-90,14.500,04613-002
Gustavo Alves Ferreira,Gustavo.Alves,Gustavo.Alves@Empresa.com.br,u3!Kj9,654.321.098-08,14.000,04562-002
Roberta Santos Lima,Roberta.Santos,Roberta.Santos@Empresa.com.br,T5@nW1,432.109.876-45,16.000,04128-002
Fábio de Oliveira Costa,Fábio.de,Fábio.de@Empresa.com.br,c2%vG4,210.987.654-23,18.000,04161-002
Tânia Maria da Silva,Tânia.Maria,Tânia.Maria@Empresa.com.br,M9!sR8,987.654.321-00,28.000,04037-002
Andréia Rocha dos Santos,Andréia.Rocha,Andréia.Rocha@Empresa.com.br,l6#dX0,765.432.109-08,32.000,04012-002
Daniele de Almeida Lima,Daniele.de,Daniele.de@Empresa.com.br,F1*kB5,543.210.987-06,36.000,04026-002
Walter Henrique dos Anjos,Walter.Henrique,Walter.Henrique@Empresa.com.br,j4$Yt7,321.098.765-05,40.000,01238-003
Cláudia Ferreira Almeida,Cláudia.Ferreira,Cláudia.Ferreira@Empresa.com.br,E8!qH2,109.876.543-12,45.000,01230-002
Thiago Costa dos Reis,Thiago.Costa,Thiago.Costa@Empresa.com.br,w7#mL3,876.543.210-89,50.000+,04003-002
Tatiane Ribeiro de Souza,Tatiane.Ribeiro,Tatiane.Ribeiro@Empresa.com.br,S3@pK6,654.321.098-07,3.800,01417-003
Sheila de Oliveira Gomes,Sheila.de,Sheila.de@Empresa.com.br,o9!fJ0,432.109.876-44,4.300,01417-004
Márcio Ribeiro Ferreira,Márcio.Ribeiro,Márcio.Ribeiro@Empresa.com.br,D5%gN4,210.987.654-22,5.000,01255-003
Juliano Martins de Souza,Juliano.Martins,Juliano.Martins@Empresa.com.br,r2$Wc8,987.654.320-99,6.500,01231-002
Elaine Costa dos Reis,Elaine.Costa,Elaine.Costa@Empresa.com.br,A6!vQ1,765.432.108-97,7.500,04533-003
Ricardo Gomes de Almeida,Ricardo.Gomes,Ricardo.Gomes@Empresa.com.br,h9#sP5,543.210.986-85,8.500,04544-003
Marlon Henrique de Oliveira,Marlon.Henrique,Marlon.Henrique@Empresa.com.br,K7*jB3,321.098.764-73,11.000,04530-003
Ana Lúcia Martins,Ana.Lúcia,Ana.Lúcia@Empresa.com.br,b4!xL6,109.876.542-61,13.000,04543-003
Jorge Luiz Ferreira,Jorge.Luiz,Jorge.Luiz@Empresa.com.br,U8%mF9,876.543.209-89,14.500,04615-003
Laura de Souza Ferreira,Laura.de,Laura.de@Empresa.com.br,n3@Tk0,654.321.097-77,13.000,04620-003
Tiago Silva Santos,Tiago.Silva,Tiago.Silva@Empresa.com.br,Q1#dY4,432.109.875-65,15.000,04613-003
Renan Costa da Silva,Renan.Costa,Renan.Costa@Empresa.com.br,e7!pR8,210.987.653-53,17.000,04562-003
Monique Almeida da Silva,Monique.Almeida,Monique.Almeida@Empresa.com.br,L6$hG2,987.654.319-91,2.800,04128-003
